"Название: 16 кв. м, С мебелью
 Цена: 300 KGS
 Фото: https://img5.lalafo.com/i/posters/api/b6/e4/760fedc191964702829e7be21b90.jpeg
 Адрес: Бишкек
 Дата: 03.02.2022 / 14:44
 Ссылка: https://lalafo.kg/bishkek/ads/16-kv-m-s-mebelu-id-60169887
"
"Название: 12 кв. м, С мебелью
 Цена: 500 KGS
 Фото: https://img5.lalafo.com/i/posters/api/e5/f1/57/12-sq-m-with-furniture-62115848_image-1631038873727.jpeg
 Адрес: БишкекПолитех
 Дата: 18.01.2022 / 2:36
 Ссылка: https://lalafo.kg/bishkek/ads/12-kv-m-s-mebelu-id-62115848
"
"Название: 16 кв. м, С мебелью
 Цена: 300 KGS
 Фото: https://img5.lalafo.com/i/posters/api/b6/e4/760fedc191964702829e7be21b90.jpeg
 Адрес: Бишкек
 Дата: 03.02.2022 / 14:44
 Ссылка: https://lalafo.kg/bishkek/ads/16-kv-m-s-mebelu-id-60169887
"
"Название: 12 кв. м, С мебелью
 Цена: 500 KGS
 Фото: https://img5.lalafo.com/i/posters/api/e5/f1/57/12-sq-m-with-furniture-62115848_image-1631038873727.jpeg
 Адрес: БишкекПолитех
 Дата: 18.01.2022 / 2:36
 Ссылка: https://lalafo.kg/bishkek/ads/12-kv-m-s-mebelu-id-62115848
"
"Название: 16 кв. м, С мебелью
 Цена: 300 KGS
 Фото: https://img5.lalafo.com/i/posters/api/b6/e4/760fedc191964702829e7be21b90.jpeg
 Адрес: Бишкек
 Дата: 03.02.2022 / 14:44
 Ссылка: https://lalafo.kg/bishkek/ads/16-kv-m-s-mebelu-id-60169887
"
"Название: 12 кв. м, С мебелью
 Цена: 500 KGS
 Фото: https://img5.lalafo.com/i/posters/api/e5/f1/57/12-sq-m-with-furniture-62115848_image-1631038873727.jpeg
 Адрес: БишкекПолитех
 Дата: 18.01.2022 / 2:36
 Ссылка: https://lalafo.kg/bishkek/ads/12-kv-m-s-mebelu-id-62115848
"
"Название: 16 кв. м, С мебелью
 Цена: 300 KGS
 Фото: https://img5.lalafo.com/i/posters/api/b6/e4/760fedc191964702829e7be21b90.jpeg
 Адрес: Бишкек
 Дата: 03.02.2022 / 14:44
 Ссылка: https://lalafo.kg/bishkek/ads/16-kv-m-s-mebelu-id-60169887
"
"Название: 12 кв. м, С мебелью
 Цена: 500 KGS
 Фото: https://img5.lalafo.com/i/posters/api/e5/f1/57/12-sq-m-with-furniture-62115848_image-1631038873727.jpeg
 Адрес: БишкекПолитех
 Дата: 18.01.2022 / 2:36
 Ссылка: https://lalafo.kg/bishkek/ads/12-kv-m-s-mebelu-id-62115848
"
"Название: 16 кв. м, С мебелью
 Цена: 300 KGS
 Фото: https://img5.lalafo.com/i/posters/api/b6/e4/760fedc191964702829e7be21b90.jpeg
 Адрес: Бишкек
 Дата: 03.02.2022 / 14:44
 Ссылка: https://lalafo.kg/bishkek/ads/16-kv-m-s-mebelu-id-60169887
"
"Название: 12 кв. м, С мебелью
 Цена: 500 KGS
 Фото: https://img5.lalafo.com/i/posters/api/e5/f1/57/12-sq-m-with-furniture-62115848_image-1631038873727.jpeg
 Адрес: БишкекПолитех
 Дата: 18.01.2022 / 2:36
 Ссылка: https://lalafo.kg/bishkek/ads/12-kv-m-s-mebelu-id-62115848
"
"Название: 16 кв. м, С мебелью
 Цена: 300 KGS
 Фото: https://img5.lalafo.com/i/posters/api/b6/e4/760fedc191964702829e7be21b90.jpeg
 Адрес: Бишкек
 Дата: 03.02.2022 / 14:44
 Ссылка: https://lalafo.kg/bishkek/ads/16-kv-m-s-mebelu-id-60169887
"
"Название: 12 кв. м, С мебелью
 Цена: 500 KGS
 Фото: https://img5.lalafo.com/i/posters/api/e5/f1/57/12-sq-m-with-furniture-62115848_image-1631038873727.jpeg
 Адрес: БишкекПолитех
 Дата: 18.01.2022 / 2:36
 Ссылка: https://lalafo.kg/bishkek/ads/12-kv-m-s-mebelu-id-62115848
"
"Название: 16 кв. м, С мебелью
 Цена: 300 KGS
 Фото: https://img5.lalafo.com/i/posters/api/b6/e4/760fedc191964702829e7be21b90.jpeg
 Адрес: Бишкек
 Дата: 03.02.2022 / 14:44
 Ссылка: https://lalafo.kg/bishkek/ads/16-kv-m-s-mebelu-id-60169887
"
"Название: 12 кв. м, С мебелью
 Цена: 500 KGS
 Фото: https://img5.lalafo.com/i/posters/api/e5/f1/57/12-sq-m-with-furniture-62115848_image-1631038873727.jpeg
 Адрес: БишкекПолитех
 Дата: 18.01.2022 / 2:36
 Ссылка: https://lalafo.kg/bishkek/ads/12-kv-m-s-mebelu-id-62115848
"
"Название: 16 кв. м, С мебелью
 Цена: 300 KGS
 Фото: https://img5.lalafo.com/i/posters/api/b6/e4/760fedc191964702829e7be21b90.jpeg
 Адрес: Бишкек
 Дата: 03.02.2022 / 14:44
 Ссылка: https://lalafo.kg/bishkek/ads/16-kv-m-s-mebelu-id-60169887
"
"Название: 12 кв. м, С мебелью
 Цена: 500 KGS
 Фото: https://img5.lalafo.com/i/posters/api/e5/f1/57/12-sq-m-with-furniture-62115848_image-1631038873727.jpeg
 Адрес: БишкекПолитех
 Дата: 18.01.2022 / 2:36
 Ссылка: https://lalafo.kg/bishkek/ads/12-kv-m-s-mebelu-id-62115848
"
"Название: 16 кв. м, С мебелью
 Цена: 300 KGS
 Фото: https://img5.lalafo.com/i/posters/api/b6/e4/760fedc191964702829e7be21b90.jpeg
 Адрес: Бишкек
 Дата: 03.02.2022 / 14:44
 Ссылка: https://lalafo.kg/bishkek/ads/16-kv-m-s-mebelu-id-60169887
"
"Название: 12 кв. м, С мебелью
 Цена: 500 KGS
 Фото: https://img5.lalafo.com/i/posters/api/e5/f1/57/12-sq-m-with-furniture-62115848_image-1631038873727.jpeg
 Адрес: БишкекПолитех
 Дата: 18.01.2022 / 2:36
 Ссылка: https://lalafo.kg/bishkek/ads/12-kv-m-s-mebelu-id-62115848
"
